<?xml version="1.0" encoding="UTF-8"?>
<!DOCTYPE fontscolors PUBLIC "-//NetBeans//DTD Editor Fonts and Colors settings 1.1//EN" "http://www.netbeans.org/dtds/EditorFontsColors-1_1.dtd">
<fontscolors>
    <fontcolor default="smarty" foreColor="ff7659cc" name="argument"/>
    <fontcolor default="smarty" foreColor="ff628fb5" name="other"/>
    <fontcolor default="smarty" foreColor="ffbf3f00" name="config_variable"/>
    <fontcolor default="smarty" foreColor="ff8b6e55" name="string"/>
    <fontcolor default="smarty" foreColor="ffe88705" name="smarty_delimiter"/>
    <fontcolor default="smarty" foreColor="ff628fb5" name="smarty_function"/>
    <fontcolor default="smarty" foreColor="ff8b6e55" name="argument_value"/>
    <fontcolor name="error" waveUnderlined="red"/>
    <fontcolor default="smarty" foreColor="ff4b7096" name="php_variable"/>
    <fontcolor default="smarty" name="smarty_operator"/>
    <fontcolor default="smarty" foreColor="ff9933cc" name="variable_modifier"/>
    <fontcolor default="smarty" foreColor="lightGray" name="comment"/>
    <fontcolor default="smarty" foreColor="ffe39914" name="pipe"/>
    <fontcolor default="default" name="smarty"/>
    <fontcolor default="smarty" name="whitespace"/>
</fontscolors>
