<?xml version="1.0" encoding="UTF-8"?>
<!DOCTYPE fontscolors PUBLIC "-//NetBeans//DTD Editor Fonts and Colors settings 1.1//EN" "http://www.netbeans.org/dtds/EditorFontsColors-1_1.dtd">
<fontscolors>
    <fontcolor bgColor="fff7f791" name="mark-occurrences"/>
    <fontcolor foreColor="ff668cd2" name="identifier"/>
    <fontcolor default="field" name="markup-attribute"/>
    <fontcolor default="identifier" name="method"/>
    <fontcolor foreColor="ff8b6e55" name="string"/>
    <fontcolor default="keyword" name="markup-element"/>
    <fontcolor default="string" name="markup-attribute-value"/>
    <fontcolor bgColor="ffffcccc" name="error" waveUnderlined="red"/>
    <fontcolor default="default" foreColor="ff9933ff" name="entity-reference"/>
    <fontcolor name="separator"/>
    <fontcolor foreColor="ff9999ff" name="operator"/>
    <fontcolor bgColor="ffe0e9fb" foreColor="ff3366ff" name="url"/>
    <fontcolor foreColor="ffbf3f00" name="number"/>
    <fontcolor bgColor="fff0f0f0" foreColor="ff9999ff" name="default">
        <font name="Bitstream Vera Sans Mono" size="12" style="plain"/>
    </fontcolor>
    <fontcolor default="identifier" foreColor="ff7659cc" name="field"/>
    <fontcolor bgColor="orange" foreColor="black" name="char"/>
    <fontcolor name="warning" waveUnderlined="orange"/>
    <fontcolor foreColor="ffacadb4" name="comment"/>
    <fontcolor foreColor="ff60a51c" name="keyword"/>
    <fontcolor name="whitespace"/>
</fontscolors>
