<?xml version="1.0" encoding="UTF-8"?>
<!DOCTYPE fontscolors PUBLIC "-//NetBeans//DTD Editor Fonts and Colors settings 1.1//EN" "http://www.netbeans.org/dtds/EditorFontsColors-1_1.dtd">
<fontscolors>
    <fontcolor default="constant" foreColor="ff7659cc" name="constant"/>
    <fontcolor default="string" name="string"/>
    <fontcolor foreColor="ff4b7096" name="mod-class"/>
    <fontcolor name="mod-unused" waveUnderlined="cyan"/>
    <fontcolor default="operator" name="operator"/>
    <fontcolor default="number" name="number"/>
    <fontcolor default="separator" foreColor="red" name="phpopenclose"/>
    <fontcolor name="mod-deprecated" strikeThrough="black"/>
    <fontcolor default="method" name="mod-custom1"/>
    <fontcolor default="comment" foreColor="ff919add" name="mod-annotation-type"/>
    <fontcolor default="inferred" name="inferred"/>
    <fontcolor default="comment" foreColor="ff919add" name="phpdockeyword"/>
    <fontcolor default="keyword" name="keyword"/>
    <fontcolor default="identifier" name="identifier"/>
    <fontcolor default="field" name="mod-field"/>
    <fontcolor default="comment" name="htmltag"/>
    <fontcolor default="method" foreColor="ff4b7096" name="mod-method"/>
    <fontcolor default="separator" name="separator"/>
    <fontcolor foreColor="ff9933cc" name="heredocdelimiter"/>
    <fontcolor default="uncovered" name="uncovered"/>
    <fontcolor name="mod-static"/>
    <fontcolor default="covered" name="covered"/>
    <fontcolor foreColor="ff4b7096" name="variable"/>
    <fontcolor default="comment" name="comment"/>
    <fontcolor default="partial" name="partial"/>
    <fontcolor default="comment" name="commentline"/>
</fontscolors>
